epoch,time,train/box_loss,train/pose_loss,train/kobj_loss,train/cls_loss,train/dfl_loss,metrics/precision(B),metrics/recall(B),metrics/mAP50(B),metrics/mAP50-95(B),metrics/precision(P),metrics/recall(P),metrics/mAP50(P),metrics/mAP50-95(P),val/box_loss,val/pose_loss,val/kobj_loss,val/cls_loss,val/dfl_loss,lr/pg0,lr/pg1,lr/pg2
1,5.62184,5.57513,9.65823,0.72316,7.91786,3.24892,0.11304,0.05417,0.01195,0.00189,0,0,0,0,4.78913,8.93541,0.69694,4.80404,2.42848,6.921e-05,6.921e-05,6.921e-05
2,7.51593,3.62259,8.8916,0.71506,4.42979,1.67485,0.65482,0.29167,0.32353,0.12673,0.07284,0.1375,0.01421,0.00788,2.77248,8.81185,0.69328,4.91982,1.2922,0.000143217,0.000143217,0.000143217
3,9.27695,2.51316,8.13105,0.70455,2.71725,1.20158,0.40135,0.47768,0.45972,0.19689,0.07286,0.1875,0.01896,0.00461,2.37564,8.62158,0.69001,3.09997,1.10872,0.000214179,0.000214179,0.000214179
4,11.0834,2.00374,7.07913,0.70595,1.97009,1.0656,0.84049,0.58333,0.6627,0.33097,0.05685,0.09583,0.00694,0.00342,1.78631,8.23016,0.68584,1.44069,0.98735,0.000282095,0.000282095,0.000282095
5,12.8384,1.84778,6.52478,0.70581,1.66993,0.98113,0.60162,0.6875,0.59433,0.29376,0.12366,0.15,0.02246,0.00679,1.86311,7.72205,0.68587,1.32126,0.92414,0.000346967,0.000346967,0.000346967
6,14.4823,1.7035,5.78613,0.7149,1.43296,0.95243,0.83327,0.56223,0.68182,0.36044,0.14924,0.19167,0.03666,0.01327,2.04339,7.34005,0.68341,1.20193,0.96596,0.000408793,0.000408793,0.000408793
7,16.1754,1.55989,5.18228,0.71191,1.34642,0.93798,0.60872,0.72917,0.62738,0.36577,0.38579,0.3125,0.14835,0.0283,1.72294,6.74783,0.67963,1.12059,0.93268,0.000467574,0.000467574,0.000467574
8,17.8385,1.50509,4.73738,0.70139,1.25728,0.92696,0.75737,0.74134,0.69692,0.35688,0.72394,0.52083,0.47706,0.11477,1.82369,5.99739,0.67316,1.21954,0.95257,0.000523309,0.000523309,0.000523309
9,19.5547,1.33533,4.21367,0.69466,1.1531,0.9073,0.66338,0.7625,0.74786,0.47443,0.85126,0.575,0.65429,0.24274,1.72465,5.20573,0.66813,1.16128,0.91668,0.000575999,0.000575999,0.000575999
10,21.236,1.40657,3.7751,0.68076,1.21853,0.92599,0.95122,0.78333,0.81358,0.48202,0.88883,0.72917,0.73306,0.34161,1.63917,4.77618,0.65976,0.99172,0.90675,0.000625645,0.000625645,0.000625645
11,22.945,1.28746,3.45491,0.6783,1.04554,0.89538,0.97523,0.82083,0.82665,0.53551,0.95379,0.77401,0.79684,0.40666,1.50668,4.24167,0.6579,0.93076,0.89356,0.000616738,0.000616738,0.000616738
12,24.7478,1.33933,3.22857,0.66718,1.082,0.89769,0.93735,0.81036,0.82368,0.59074,0.94446,0.77936,0.79827,0.47303,1.29131,3.8205,0.64862,0.86606,0.85567,0.000601512,0.000601512,0.000601512
13,26.6561,1.26323,3.13956,0.65604,1.01859,0.87548,0.97122,0.8125,0.82621,0.55439,0.96613,0.80833,0.81848,0.48642,1.50041,3.66722,0.64367,1.12992,0.8906,0.000586286,0.000586286,0.000586286
14,28.733,1.23654,2.82339,0.65238,0.97486,0.88758,0.97769,0.8125,0.82186,0.56685,0.96324,0.8,0.79865,0.55963,1.46983,3.35789,0.63445,0.91457,0.87006,0.000571059,0.000571059,0.000571059
15,30.6263,1.36795,2.7302,0.64494,0.99939,0.91322,0.9867,0.8125,0.82339,0.60212,0.96632,0.79583,0.80322,0.552,1.25435,3.21689,0.6314,0.83838,0.85489,0.000555833,0.000555833,0.000555833
16,32.3784,1.22921,2.42501,0.63821,0.94439,0.88588,0.98989,0.81569,0.82574,0.63133,0.98989,0.81569,0.82574,0.64414,1.12611,2.86635,0.62347,0.84909,0.82724,0.000540607,0.000540607,0.000540607
17,34.1438,1.11934,2.19803,0.62928,0.9054,0.87269,0.98988,0.81553,0.82799,0.58183,0.98483,0.81136,0.8231,0.56107,1.22914,2.94342,0.6194,0.87493,0.84056,0.000525381,0.000525381,0.000525381
18,35.8432,1.19497,1.92571,0.6233,0.88515,0.87985,0.98796,0.8125,0.82576,0.65361,0.98289,0.80833,0.82414,0.64412,0.97497,2.49107,0.60941,0.78048,0.81292,0.000510155,0.000510155,0.000510155
19,37.5317,1.06832,1.88759,0.61325,0.85708,0.8566,0.98849,0.8125,0.82782,0.60944,0.98849,0.8125,0.82395,0.61111,1.14756,2.48799,0.60574,0.79223,0.82732,0.000494928,0.000494928,0.000494928
20,39.2137,0.96823,1.66448,0.60871,0.82614,0.8455,0.98793,0.8125,0.82865,0.66452,0.98793,0.8125,0.82756,0.68789,0.97538,2.2241,0.59441,0.77333,0.80915,0.000479702,0.000479702,0.000479702
21,40.9144,1.00917,1.62054,0.59515,0.81239,0.85443,0.98414,0.82083,0.82789,0.63455,0.98414,0.82083,0.82737,0.70212,1.16512,2.13679,0.5899,0.85414,0.82931,0.000464476,0.000464476,0.000464476
22,42.623,0.99706,1.47946,0.59305,0.80931,0.84834,0.99354,0.82917,0.84714,0.63965,0.98355,0.82083,0.83612,0.70722,1.04932,1.91769,0.58001,0.76938,0.81989,0.00044925,0.00044925,0.00044925
23,44.3161,0.97613,1.44189,0.58661,0.79211,0.85111,0.9825,0.82083,0.85853,0.67549,0.9825,0.82083,0.84884,0.73921,0.96511,1.85315,0.57674,0.70963,0.80663,0.000434024,0.000434024,0.000434024
24,46.0027,0.94757,1.3857,0.57956,0.7838,0.84162,0.99481,0.82917,0.91392,0.70312,0.98482,0.82083,0.86442,0.7689,0.92032,1.70562,0.56727,0.66646,0.80041,0.000418797,0.000418797,0.000418797
25,47.6876,0.88948,1.25411,0.57131,0.72381,0.84405,0.99433,0.82917,0.93421,0.72619,0.98434,0.82083,0.89473,0.7958,0.86406,1.60064,0.5611,0.64197,0.79255,0.000403571,0.000403571,0.000403571
26,49.3622,0.89818,1.19636,0.56657,0.71262,0.83563,1,0.83297,0.93174,0.72945,0.995,0.8288,0.90353,0.81292,0.86899,1.48168,0.55251,0.63555,0.79251,0.000388345,0.000388345,0.000388345
27,51.0754,0.86757,1.16029,0.5569,0.71364,0.83397,0.9899,0.81638,0.91934,0.67411,0.96033,0.82083,0.89515,0.76604,1.00308,1.68063,0.55382,0.68843,0.81182,0.000373119,0.000373119,0.000373119
28,52.741,0.88853,1.1886,0.55339,0.69803,0.84248,0.99013,0.83591,0.94901,0.72921,0.98026,0.82763,0.92058,0.82769,0.90917,1.38366,0.54298,0.65716,0.79593,0.000357893,0.000357893,0.000357893
29,54.4362,0.91671,1.16121,0.54979,0.71003,0.8364,0.98801,0.81667,0.94834,0.71423,0.98801,0.81667,0.93385,0.7905,0.99679,1.5491,0.54311,0.6235,0.80359,0.000342666,0.000342666,0.000342666
30,56.2319,0.90199,0.99946,0.54364,0.69447,0.84044,0.92553,0.8803,0.95773,0.77566,0.98454,0.82083,0.95076,0.85284,0.80277,1.32677,0.53298,0.5911,0.78721,0.00032744,0.00032744,0.00032744
31,58.1515,0.8301,0.95433,0.53664,0.66554,0.83384,0.99017,0.825,0.95609,0.70457,0.98995,0.82066,0.94471,0.8013,0.97798,1.4733,0.5318,0.60636,0.80325,0.000312214,0.000312214,0.000312214
32,59.9801,0.82352,0.92985,0.53278,0.65052,0.83039,0.99498,0.82582,0.96322,0.71681,1,0.82435,0.95442,0.85241,0.95932,1.31969,0.5233,0.58609,0.79772,0.000296988,0.000296988,0.000296988
33,61.7618,0.83797,0.92207,0.52966,0.64938,0.83298,0.91884,0.89623,0.9657,0.76123,0.9095,0.88333,0.9528,0.84874,0.82098,1.16058,0.52154,0.56056,0.79347,0.000281762,0.000281762,0.000281762
34,63.5027,0.81039,0.8569,0.52173,0.62414,0.8391,0.93274,0.92457,0.97621,0.7553,0.92779,0.88333,0.96967,0.86275,0.89142,1.11321,0.51533,0.55283,0.79178,0.000266535,0.000266535,0.000266535
35,65.2119,0.82567,0.79779,0.51807,0.63155,0.82749,0.944,0.88333,0.97019,0.75194,0.92201,0.8866,0.95502,0.84482,0.89697,1.17729,0.51152,0.55726,0.79453,0.000251309,0.000251309,0.000251309
36,66.9584,0.83456,0.79112,0.51842,0.64721,0.82242,0.91904,0.93333,0.97478,0.77134,0.92028,0.91388,0.96036,0.86459,0.84638,1.10691,0.50645,0.52848,0.78958,0.000236083,0.000236083,0.000236083
37,68.7137,0.81553,0.82345,0.50825,0.63054,0.8316,0.98978,0.83333,0.93868,0.71011,0.97493,0.82083,0.9112,0.81382,0.96137,1.35382,0.50601,0.57295,0.80507,0.000220857,0.000220857,0.000220857
38,70.4796,0.76422,0.80504,0.51379,0.60845,0.83299,0.93706,0.93056,0.97454,0.77292,0.93245,0.92021,0.97393,0.87293,0.81708,0.95418,0.50067,0.52944,0.78486,0.000205631,0.000205631,0.000205631
39,72.1789,0.77379,0.72874,0.5041,0.60541,0.82556,0.93751,0.9125,0.9729,0.75994,0.94341,0.94167,0.97956,0.87241,0.85331,0.95703,0.50088,0.54889,0.78939,0.000190404,0.000190404,0.000190404
40,73.8975,0.76741,0.71542,0.50052,0.60782,0.82054,0.94414,0.92917,0.97813,0.79602,0.93045,0.94768,0.97932,0.89169,0.78798,0.84961,0.49683,0.53795,0.78111,0.000175178,0.000175178,0.000175178
41,83.4274,0.82037,0.59543,0.48696,0.67598,0.82536,0.97009,0.91667,0.98161,0.74252,0.95199,0.90882,0.97792,0.88734,0.94472,0.85907,0.49085,0.53807,0.79212,0.000159952,0.000159952,0.000159952
42,85.1814,0.7666,0.53406,0.48964,0.65129,0.81912,0.95586,0.90833,0.97978,0.786,0.96393,0.84167,0.96919,0.85745,0.79005,1.05834,0.48711,0.50821,0.78057,0.000144726,0.000144726,0.000144726
43,86.889,0.65727,0.50029,0.48341,0.61527,0.81392,0.92012,0.9,0.97268,0.78254,0.9707,0.82836,0.95647,0.85995,0.78682,1.0634,0.48338,0.51042,0.78036,0.0001295,0.0001295,0.0001295
44,88.5838,0.64586,0.46694,0.48089,0.60293,0.81088,0.96556,0.93466,0.98604,0.78354,0.94268,0.9125,0.9721,0.86834,0.80259,0.89843,0.48459,0.50134,0.78192,0.000114273,0.000114273,0.000114273
45,90.3041,0.64304,0.46036,0.47756,0.60033,0.82893,0.95073,0.94167,0.98496,0.78316,0.95828,0.91667,0.98299,0.87822,0.78837,0.8292,0.48325,0.49525,0.77986,9.90472e-05,9.90472e-05,9.90472e-05
46,92.0285,0.61857,0.43823,0.47452,0.58906,0.81515,0.9608,0.94583,0.98584,0.78779,0.94984,0.93333,0.98433,0.89076,0.76743,0.78379,0.48086,0.48886,0.7781,8.3821e-05,8.3821e-05,8.3821e-05
47,93.7726,0.63042,0.46231,0.47385,0.60572,0.81217,0.9706,0.96299,0.98991,0.79086,0.94931,0.93641,0.98105,0.88636,0.75673,0.76061,0.47764,0.49392,0.77513,6.85948e-05,6.85948e-05,6.85948e-05
48,95.5503,0.60937,0.42831,0.47132,0.58245,0.80584,0.97071,0.96647,0.9899,0.79326,0.9456,0.94155,0.97988,0.89285,0.76463,0.73808,0.4759,0.49374,0.77361,5.33686e-05,5.33686e-05,5.33686e-05
49,97.4229,0.60399,0.41677,0.46995,0.57046,0.81403,0.97288,0.975,0.99145,0.7957,0.94605,0.94167,0.97629,0.89255,0.76962,0.77184,0.47507,0.48946,0.77545,3.81424e-05,3.81424e-05,3.81424e-05
50,99.273,0.57302,0.41711,0.46817,0.56292,0.80031,0.97473,0.96442,0.98997,0.80121,0.95334,0.95,0.98174,0.89394,0.74222,0.73995,0.47452,0.48,0.77326,2.29162e-05,2.29162e-05,2.29162e-05
